{
    "loss": 4.623533248901367,
    "accuracy": 0.6206896305084229
}